Geoname ID,Name,ASCII Name,Alternate Names,Feature Class,Feature Code,Country Code,Country name EN,Country Code 2,Admin1 Code,Admin2 Code,Admin3 Code,Admin4 Code,Population,Elevation,DIgital Elevation Model,Timezone,Modification date,LABEL EN,Coordinates
455898,Salaspils,Salaspils,"Kirchholm,Kirkholm,Salaspeles,Salaspilis,Salaspils,SalaspÄ—lÄ—s,sa la si pi er si,sallaseupilseu,Ğ¡Ğ°Ğ»Ğ°ÑĞ¿Ğ¸Ğ»Ñ,Ğ¡Ğ°Ğ»Ğ°ÑĞ¿Ñ–Ğ»Ñ,è–©æ‹‰æ–¯çš®çˆ¾æ–¯,ì‚´ë¼ìŠ¤í•„ìŠ¤",P,PPLA,LV,Latvia,,C3,0801211,,,17606,,21,Europe/Riga,2016-12-02,Latvia,"56.86014, 24.36544"
457714,Madona,Madona,"Madona,Maduona,ma duo na,madona,madwna  ltwny,ĞœĞ°Ğ´Ğ¾Ğ½Ğ°,Ù…Ø§Ø¯ÙˆÙ†Ø§ØŒ Ù„ØªÙˆÙ†ÛŒ,é¦¬å¤šç´,ë§ˆë„ë‚˜",P,PPLA,LV,Latvia,,20,0700201,,,9280,,149,Europe/Riga,2021-07-30,Latvia,"56.85329, 26.21698"
459031,Kandava,Kandava,"Kandau,Kandava,ĞšĞ°Ğ½Ğ´Ğ°Ğ²Ğ°",P,PPLA2,LV,Latvia,,29,0901211,,,3592,,81,Europe/Riga,2021-08-16,Latvia,"57.04087, 22.77466"
459624,Iecava,Iecava,"Eckau,Iecava,Iyetsava,Ğ˜ĞµÑ†Ğ°Ğ²Ğ°",P,PPL,LV,Latvia,,04,0406400,,,4000,,23,Europe/Riga,2021-08-04,Latvia,"56.59766, 24.20763"
453754,Valmiera,Valmiera,"Valmeena,Valmeera,Valmeira,Valmera,Valmiera,Valmieras,Valmijera,ValmÄ—ira,Vol'mar,Wolmar,balmiela,falmyra,valamira,valmiera,vuarumiera,wa er mi ye la,walmyra,wlmyrh,Ğ’Ğ°Ğ»Ğ¼Ğ¸ĞµÑ€Ğ°,Ğ’Ğ°Ğ»Ğ¼Ğ¸Ñ˜ĞµÑ€Ğ°,Ğ’Ğ°Ğ»Ğ¼Ñ–ĞµÑ€Ğ°,Ğ’Ğ°Ğ»Ğ¼Ñ–Ñ”Ñ€Ğ°,×•×œ××™×¨×”,ÙØ§Ù„Ù…ÙŠØ±Ø§,ÙˆØ§Ù„Ù…ÛŒØ±Ø§,à¨µà¨¾à¨²à¨®à©€à¨°à¨¾,áƒ•áƒáƒšáƒ›áƒ˜áƒ”áƒ áƒ,ãƒ´ã‚¡ãƒ«ãƒŸã‚¨ãƒ©,ç“¦çˆ¾ç±³è€¶æ‹‰,ë°œë¯¸ì—ë¼",P,PPLA,LV,Latvia,,31,0250000,,,26963,45.0,43,Europe/Riga,2019-09-05,Latvia,"57.54108, 25.42751"
456272,Rauna,Rauna,"Rauna,Ronneburg,Ğ Ğ°ÑƒĞ½Ğ°",P,PPLA2,LV,Latvia,,D1,0427776,,,0,,114,Europe/Riga,2021-08-16,Latvia,"57.33173, 25.60947"
461650,Ä€daÅ¾i,Adazi,"Adazhi,Adazi,Ä€daÅ¾i",P,PPLA,LV,Latvia,,34,0804400,,,0,,5,Europe/Riga,2020-06-10,Latvia,"57.07045, 24.33713"
454178,ViÄ¼Äni,Vilani,"Veleny,Vilani,Vilany,Vileni,Viljani,Viljany,Vilyane,Vilyani,Vilyany,VilÄ“ni,ViÄ¼Äni,Weleny,Ğ’Ğ¸Ğ»ÑĞ½Ñ‹",P,PPLA2,LV,Latvia,,24,0781817,,,3934,,116,Europe/Riga,2021-08-16,Latvia,"56.55253, 26.92449"
454722,UgÄle,Ugale,"Ugale,UgÄle,Ğ£Ğ³Ğ°Ğ»Ğµ",P,PPL,LV,Latvia,,33,0980270,,,1500,,38,Europe/Riga,2023-11-04,Latvia,"57.27464, 22.03211"
455293,Stalbe,Stalbe,"Myza Stalbe,Stalbe,Stalbes Muiza,Stalbes MuiÅ¾a,Ğ¡Ñ‚Ğ°Ğ»Ğ±Ğµ",P,PPLA2,LV,Latvia,,05,0427580,,,0,,66,Europe/Riga,2021-08-16,Latvia,"57.37065, 25.03106"
456008,RÅ«jiena,Rujiena,"Aujiena,Ruhja,Ruiena,Ruiyena,Rujen,Rujene,Rujiena,Rujienas,Rujina,Ruyen,Ruyena,Ruyyena,RÅ«jiena,RÅ«jienas,Ğ ÑƒĞ¸ĞµĞ½Ğ°",P,PPLA2,LV,Latvia,,31,0961615,,,3638,,62,Europe/Riga,2021-08-16,Latvia,"57.89752, 25.33155"
456954,Ozolnieki,Ozolnieki,"Kaugari,Lici,LÄ«Äi,Ozolnieki,Ozolniyeki",P,PPL,LV,Latvia,,12,0546766,,,3400,,12,Europe/Riga,2021-08-04,Latvia,"56.68986, 23.7761"
458695,KocÄ“ni,Koceni,"Koceni,Koceny,KocÄ“ni,Kokmuiza,KokmuiÅ¾a,Kokmuyzha,Myza Kok,ĞšĞ¾Ñ†ĞµĞ½Ñ‹",P,PPLA2,LV,Latvia,,31,0960264,,,0,,62,Europe/Riga,2021-12-21,Latvia,"57.52057, 25.33821"
458880,Ä¶ekava,Kekava,"Kekava,Liel Kekava,Liel Ä¶ekava,Tekava,Ä¶ekava,ĞšĞµĞºĞ°Ğ²Ğ°",P,PPLA,LV,Latvia,,80,0800870,,,4600,,9,Europe/Riga,2016-12-02,Latvia,"56.82662, 24.23"
459102,Kalnciems,Kalnciems,"Kaigi,Kalnciems,Kalntsiyems",P,PPL,LV,Latvia,,12,0540258,,,2548,,6,Europe/Riga,2021-11-10,Latvia,"56.79908, 23.61503"
459279,Jelgava,Jelgava,"Elgava,Iyelgava,Jelgava,Jelgawa,Mitau,Mitava,Mitawa,Yelgava,Ğ•Ğ»Ğ³Ğ°Ğ²Ğ°,Ğ•Ğ»Ò‘Ğ°Ğ²Ğ°,ĞœĞ¸Ñ‚Ğ°Ğ²Ğ°",P,PPLA,LV,Latvia,,11,0090000,,,61791,,5,Europe/Riga,2023-03-23,Latvia,"56.65, 23.71278"
456089,Garkalne,Garkalne,"Garkalne,Ropazhi,Ropazi,RopaÅ¾i",P,PPLA2,LV,Latvia,,B5,0806000,,,0,,12,Europe/Riga,2021-08-16,Latvia,"57.04486, 24.41951"
457776,Ludza,Ludza,"Loutza,Lucyn,Ludsen,Ludza,Ludze,Lyutsin,lu zha,luja,lwdza,lwdzh,Î›Î¿ÏÏ„Î¶Î±,Ğ›ÑƒĞ´Ğ·Ğ°,×œ×•×“×–×”,Ù„ÙˆØ¯Ø²Ø§,ç›§æ‰,ë£¨ì",P,PPLA,LV,Latvia,,19,0680201,,,10514,,147,Europe/Riga,2019-09-05,Latvia,"56.53958, 27.71891"
457912,LÄ«gatne,Ligatne,"Ligat,Ligatne,LÄ«gatne,Patmale,Ğ›Ğ¸Ğ³Ğ°Ñ‚Ğ½Ğµ",P,PPLA2,LV,Latvia,,05,0421211,,,1433,,56,Europe/Riga,2021-08-16,Latvia,"57.23429, 25.04059"
460413,Daugavpils,Daugavpils,"Borisoglebsk,DGP,Daugaupils,Daugavpils,Daugawpils,Daugpelis,Daugpilis,Daugpils,DaugpiÄ¼s,DaugpÄ—lis,Duenaburg,Duneburgum,Dvinsk,Dwinsk,Dyneburg,Dzwinow,DÃ¼naburg,DÅºwinÃ³w,Nevgin,Ntaounkavpils,Vaeinaenlinna,Vaeinalinn,VÃ¤inalinn,VÃ¤inÃ¤nlinna,daugafupirusu,daugapeupilseu,daugaupilsa,dawghafbyls,dwgapyls,tao ge fu pi er si,ÎÏ„Î¬Î¿Ï…Î³ÎºÎ±Î²Ï€Î¹Î»Ï‚,ÎÏ„Î±Î¿Ï…Î³ÎºÎ¬Î²Ï€Î¹Î»Ï‚,Ğ‘Ğ¾Ñ€Ğ¸ÑĞ¾Ğ³Ğ»ĞµĞ±ÑĞº,Ğ”Ğ°ÑƒĞ³Ğ°Ğ²Ğ¿Ğ¸Ğ»Ñ,Ğ”Ğ°ÑƒĞ³Ğ°Ğ²Ğ¿Ñ–Ğ»Ñ,Ğ”Ğ°ÑƒÒ‘Ğ°Ğ²Ğ¿Ñ–Ğ»Ñ,Ğ”Ğ°ÑĞ³Ğ°ÑĞ¿Ñ–Ğ»Ñ,ĞĞµĞ²Ğ³Ğ¸Ğ½,×“××•×’×‘×¤×™×œ×¡,×“×¢× ×¢× ×‘×•×¨×’,Ø¯Ø§ÙˆØºØ§ÙØ¨ÙŠÙ„Ø³,Ø¯ÙˆÚ¯Ø§Ù¾ÛŒÙ„Ø³,à¤¦à¥Œà¤—à¥Œà¤ªà¤¿à¤²à¥à¤¸,áƒ“áƒáƒ£áƒ’áƒáƒ•áƒáƒ˜áƒšáƒ¡áƒ˜,ãƒ€ã‚¦ã‚¬ãƒ•ãƒ”ãƒ«ã‚¹,é™¶æ ¼å¤«åŒ¹å°”æ–¯,ë‹¤ìš°ê°€í”„í•„ìŠ¤,ğŒ³ğŒ°ğ…ğŒ²ğŒ°ğ…ğ€ğŒ¹ğŒ»ğƒ",P,PPLA,LV,Latvia,,06,,,,111564,,103,Europe/Riga,2021-08-31,Latvia,"55.88333, 26.53333"
460416,DaugavgrÄ«va,Daugavgriva,"Daugavgriva,DaugavgrÄ«va,Dinamjunde,Duenamuende,Dynemunt,DÃ¼namÃ¼nde,Ust'-Dvinsk,Ğ”Ğ°ÑƒĞ³Ğ°Ğ²Ğ³Ñ€Ğ¸Ğ²Ğ°,Ğ”Ğ¸Ğ½Ğ°Ğ¼ÑĞ½Ğ´Ğµ,Ğ£ÑÑ‚ÑŒ-Ğ”Ğ²Ğ¸Ğ½ÑĞº",P,PPLX,LV,Latvia,,25,0010000,,,9952,6.0,5,Europe/Riga,2016-12-02,Latvia,"57.04315, 24.03613"
864721,BaloÅ¾i,Balozi,"Balozhi,Balozi,BaloÅ¾i,Rollbusch,Ğ‘Ğ°Ğ»Ğ¾Ğ¶Ğ¸",P,PPL,LV,Latvia,,80,0800807,,,6780,,17,Europe/Riga,2021-11-09,Latvia,"56.87643, 24.11825"
454130,ViÄ¼aka,Vilaka,"Vilaka,Viljaka,Vilyaka,ViÄ¼aka,Ğ’Ğ¸Ğ»ÑĞºĞ°",P,PPLA2,LV,Latvia,,03,0381615,,,1525,,97,Europe/Riga,2021-08-16,Latvia,"57.18458, 27.6722"
454530,VarakÄ¼Äni,Varaklani,"Varaklani,Varakljany,Varaklyany,VarakÄ¼Äni,Varklyane,Warkland,Warklany,Ğ’Ğ°Ñ€Ğ°ĞºĞ»ÑĞ½Ñ‹",P,PPLA,LV,Latvia,,E1,0701817,,,2106,,100,Europe/Riga,2016-12-02,Latvia,"56.60826, 26.75377"
454970,Talsi,Talsi,"Talsai,Talse,Talsen,Talsi,Talsy,TalsÄ“,Telsy,ta er xi,talsi,talsy,Ğ¢Ğ°Ğ»ÑĞ¸,Ğ¢Ğ°Ğ»ÑÑ–,ØªØ§Ù„Ø³ÙŠ,ØªØ§Ù„Ø³ÛŒ,å¡”å°”è¥¿,íƒˆì‹œ",P,PPLA,LV,Latvia,,28,0880201,,,12022,,76,Europe/Riga,2016-12-02,Latvia,"57.24562, 22.58137"
456172,Riga,Riga,"RIX,Reiga,Riga,Rigae,Rige,Rigg-a,Rigo,Riia,Riigaa,Riika,Rija,Riqa,Ryga,RÃ­ga,RÃ­ge,RÄ«ga,li jia,liga,ri ka,riga,rika,ryga,rygh,rygha,ryja,Î¡Î¯Î³Î±,Ğ Ğ¸Ğ³Ã¦,Ğ Ğ¸Ğ³Ğ°,Ğ Ñ‹Ğ³Ğ°,Ğ Ñ–Ò‘Ğ°,ÕŒÕ«Õ£Õ¡,×¨×™×’×”,×¨×™×’×¢,Ø±Ù‰Ú¯Ø§,Ø±ÙŠØ¬Ø§,Ø±ÙŠØºØ§,Ø±ÛŒÚ¯Ø§,à¤°à¤¿à¤—à¤¾,à¤°à¥€à¤—à¤¾,à¦°à¦¿à¦—à¦¾,à®°à¯€à®•à®¾,à¸£à¸µà¸à¸²,à½¢à½²à¼‹à½‚,áƒ áƒ˜áƒ’áƒ,áˆªáŒ‹,ãƒªã‚¬,é‡ŒåŠ ,ë¦¬ê°€",P,PPLC,LV,Latvia,,25,0010000,,,742572,,6,Europe/Riga,2019-09-05,Latvia,"56.946, 24.10589"
459692,GrobiÅ†a,Grobina,"Gerobin,Grobin,Grobina,Grobinya,GrobiÅ†a",P,PPLA2,LV,Latvia,,DN,0641009,,,4203,,24,Europe/Riga,2021-08-16,Latvia,"56.53521, 21.16782"
6615326,VecrÄ«ga,Vecriga,"Centro Historico de Riga,Centro HistÃ³rico de Riga,Oude Stad,Riian vanhakaupunki,Stara Riga,Stare Miasto w Rydze,Stare misto,Staryj gorod,Vecriga,Vecryga,VecrÄ«ga,dzveli riga,li jia lao cheng,Ğ¡Ñ‚Ğ°Ñ€Ğµ Ğ¼Ñ–ÑÑ‚Ğ¾,Ğ¡Ñ‚Ğ°Ñ€Ñ‹Ğ¹ Ğ³Ğ¾Ñ€Ğ¾Ğ´,áƒ«áƒ•áƒ”áƒšáƒ˜ áƒ áƒ˜áƒ’áƒ,é‡ŒåŠ è€åŸ",P,PPL,LV,Latvia,,25,0010000,,,3336,,17,Europe/Riga,2021-11-10,Latvia,"56.94966, 24.10418"
454408,Vecpiebalga,Vecpiebalga,"Myza Vetspiebalgas,Vecpiebalga,Vecpiebalgas Muiza,Vecpiebalgas MuiÅ¾a,Vetspiyebalga",P,PPLA2,LV,Latvia,,05,0429392,,,596,,212,Europe/Riga,2021-08-16,Latvia,"57.0609, 25.81624"
459220,Jumprava,Jumprava,"Jumprava,Yumprava",P,PPL,LV,Latvia,,21,,,,2177,,70,Europe/Riga,2010-10-27,Latvia,"56.67613, 24.9721"
461064,BerÄ£i,Bergi,"Bergi,BerÄ£i,Juglasciems",P,PPLA,LV,Latvia,,25,0010000,,,0,,14,Europe/Riga,2016-12-02,Latvia,"56.98639, 24.29917"
461336,Auce,Auce,"Auce,AucÄ—,Autse,Autz",P,PPLA2,LV,Latvia,,08,0460805,,,3125,,91,Europe/Riga,2021-08-16,Latvia,"56.45981, 22.90169"
455915,Sala,Sala,,P,PPLA2,LV,Latvia,,10,0568786,,,0,,83,Europe/Riga,2021-08-16,Latvia,"56.50675, 25.76423"
456341,Ragana,Ragana,"Ragana,Raganas,Ğ Ğ°Ğ³Ğ°Ğ½Ğ°",P,PPLA2,LV,Latvia,,C7,0806968,,,0,,48,Europe/Riga,2021-08-16,Latvia,"57.18074, 24.70731"
457052,Olaine,Olaine,"Olaine,Olayne",P,PPLA,LV,Latvia,,A2,0801009,,,12584,,8,Europe/Riga,2018-03-06,Latvia,"56.79472, 23.9358"
457954,LiepÄja,Liepaja,"LPX,Leepaja,Lepaya,Libau,Libava,Liepagia,Liepaiya,Liepaja,Liepaya,Liepoja,LiepÄja,Lietaja,Lietaya,Lijepaja,Lipawa,Liyepaya,li ye pa ya,lipaya,liyepaya,lyypÊ¼yh,riepaya,Î›Î¹ÎµÏ€Î¬Î³Î¹Î±,Î›Î¹ÎµÏ€Î±Î³Î¹Î±,Ğ›Ğ¸Ğ±Ğ°Ğ²Ğ°,Ğ›Ğ¸ĞµĞ¿Ğ°Ñ,Ğ›Ğ¸Ñ˜ĞµĞ¿Ğ°Ñ˜Ğ°,Ğ›Ñ–ĞµĞ¿Ğ°Ñ,Ğ›Ñ–Ñ”Ğ¿Ğ°Ñ,×œ×™×™×¤××™×”,à¤²à¥€à¤ªà¤¾à¤¯à¤¾,áƒšáƒ˜áƒ”áƒáƒáƒ˜áƒ,ãƒªã‚¨ãƒ‘ãƒ¼ãƒ¤,åˆ©è€¶å¸•äºš,ë¦¬ì˜ˆíŒŒì•¼",P,PPLA,LV,Latvia,,16,0170000,,,85132,,6,Europe/Riga,2023-03-23,Latvia,"56.50474, 21.01085"
458995,Karosta,Karosta,"Kara Osta,Karaosta,Karosta,Karya Osta,Port Aleksandra III,ĞšĞ°Ñ€Ğ¾ÑÑ‚Ğ°,ĞŸĞ¾Ñ€Ñ‚ ĞĞ»ĞµĞºÑĞ°Ğ½Ğ´Ñ€Ğ° III",P,PPLX,LV,Latvia,,16,0170000,,,7500,,9,Europe/Riga,2018-01-09,Latvia,"56.55128, 21.01287"
461442,Ape,Ape,"Ape,Ope,ĞĞ¿Ğµ",P,PPLA2,LV,Latvia,,D1,0360805,,,1521,,82,Europe/Riga,2021-08-16,Latvia,"57.53928, 26.69291"
455910,SalacgrÄ«va,Salacgriva,"Salacgriva,Salacgryva,SalacgrÄ«va,Salatsgriva,Salatsi,Salismunde,SalismÃ¼nde,sa la ci ge li wa,salakghryfa,salakgrywa,Ğ¡Ğ°Ğ»Ğ°Ñ†Ğ³Ñ€Ğ¸Ğ²Ğ°,Ğ¡Ğ°Ğ»Ğ°Ñ†Ğ³Ñ€Ñ–Ğ²Ğ°,Ø³Ø§Ù„Ø§ÙƒØºØ±ÙŠÙØ§,Ø³Ø§Ù„Ø§Ú©Ú¯Ø±ÛŒÙˆØ§,è–©æ‹‰èŒ¨æ ¼é‡Œç“¦",P,PPL,LV,Latvia,,18,0661415,,,2579,,7,Europe/Riga,2021-11-09,Latvia,"57.75312, 24.35895"
457615,MatÄ«Å¡i,Matisi,"Matishi,Matisi,MatÄ«Å¡i,ĞœĞ°Ñ‚Ğ¸ÑˆĞ¸",P,PPLA2,LV,Latvia,,31,0967170,,,0,,69,Europe/Riga,2021-08-16,Latvia,"57.69892, 25.15886"
458065,LieÄ£i,Liegi,"Liege,Lieges Muiza,Lieges MuiÅ¾a,Liegi,LieÄ£i,Myza Liyege",P,PPLA2,LV,Latvia,,DN,0640888,,,0,,47,Europe/Riga,2021-08-16,Latvia,"56.58173, 21.33399"
458511,Krustpils,Krustpils,"Kreutzburg,Krustpilis,Krustpils,Krystapils,KrystapiÄ¼s,Kryzborg,KryÅ¼borg,ĞšÑ€ÑƒÑÑ‚Ğ¿Ğ¸Ğ»Ñ,ĞšÑ€ÑƒÑÑ‚Ğ¿Ñ–Ğ»Ñ",P,PPL,LV,Latvia,,10,,,,6680,,91,Europe/Riga,2015-11-03,Latvia,"56.51068, 25.86117"
460285,DrabeÅ¡i,Drabesi,"Drabeshi,Drabesi,Drabesu Muiza,DrabeÅ¡i,DrabeÅ¡u MuiÅ¾a,Myza Drabeshi,Myza Drabeshu",P,PPLA2,LV,Latvia,,05,0424746,,,0,,147,Europe/Riga,2021-08-16,Latvia,"57.24316, 25.27748"
460568,Cesvaine,Cesvaine,"Cesvaine,Cesvaines Muiza,Cesvaines MuiÅ¾a,Cesvajne,Tsesvayne,Ğ¦ĞµÑĞ²Ğ°Ğ¹Ğ½Ğµ",P,PPL,LV,Latvia,,20,0700807,,,1239,,166,Europe/Riga,2021-11-09,Latvia,"56.96754, 26.30764"
457965,LielvÄrde,Lielvarde,"Lielvarde,LielvardÄ—,LielvÄrde,Liyelvarde,li ye er wa er dai,lielbaleude,lyfardy,lylwardh,ryeruvuade,Ğ›Ğ¸ĞµĞ»Ğ²Ğ°Ñ€Ğ´Ğµ,Ğ›Ñ–Ñ”Ğ»Ğ²Ğ°Ñ€Ğ´Ğµ,Ù„ÙŠÙØ§Ø±Ø¯ÙŠ,Ù„ÛŒÙ„ÙˆØ§Ø±Ø¯Ù‡,ãƒªã‚§ãƒ«ãƒ´ã‚¡ãƒ¼ãƒ‡,åˆ©è€¶çˆ¾ç“¦çˆ¾ä»£,ë¦¬ì—˜ë°”ë¥´ë°",P,PPLA2,LV,Latvia,,21,0741413,,,5114,,47,Europe/Riga,2021-08-16,Latvia,"56.72066, 24.80743"
461602,Aizpute,Aizpute,"Aispute,Aizpute,AizputÄ—,Ayzpute,Gazenpot,Hasenpot,Hasenpoth,Hazenpot",P,PPLA2,LV,Latvia,,DN,0640605,,,5634,,62,Europe/Riga,2021-08-16,Latvia,"56.72108, 21.60156"
455937,Sabile,Sabile,"Sabile,Zabeln,Ğ¡Ğ°Ğ±Ğ¸Ğ»Ğµ",P,PPL,LV,Latvia,,28,0880213,,,1347,,40,Europe/Riga,2021-11-10,Latvia,"57.04577, 22.57261"
461114,Bauska,Bauska,"Baouska,Bauska,Bauske,BauskÄ—,Bosko,bao si ka,basaka,bausaka,bauseuka,bawska,ÎœÏ€Î¬Î¿Ï…ÏƒÎºÎ±,Ğ‘Ğ°ÑƒÑĞºĞ°,Ğ‘Ğ°ÑÑĞºĞ°,×‘××•×¡×§×”,Ø¨Ø§Ø³Ø§ÙƒØ§,Ø¨Ø§ÙˆØ³Ú©Ø§,à¨¬à©Œà¨¸à¨•à¨¾,áƒ‘áƒáƒ£áƒ¡áƒ™áƒ,åŒ…æ–¯å¡,ë°”ìš°ìŠ¤ì¹´",P,PPLA,LV,Latvia,,04,0400201,,,10532,,30,Europe/Riga,2020-05-07,Latvia,"56.40794, 24.19443"
454714,Ulbroka,Ulbroka,"Sarkanmuiza,SarkanmuiÅ¾a,Ulbroka,Ulbroke",P,PPLA,LV,Latvia,,B5,0809600,,,2800,,21,Europe/Riga,2021-08-04,Latvia,"56.9363, 24.30387"
454910,TÄ“rvete,Tervete,"Kalna Muizas Centrs,Kalna MuiÅ¾as Centrs,Kalnamuiza,KalnamuiÅ¾a,Kalnamuyzha,Tervete,Tervetes,TÄ“rvete,Ğ¢ĞµÑ€Ğ²ĞµÑ‚Ğµ",P,PPL,LV,Latvia,,08,0468988,,,2132,,44,Europe/Riga,2021-08-16,Latvia,"56.47989, 23.38895"
455427,SmÄrde,Smarde,"Myza Smarde,Smarde,Smardes Muiza,SmÄrde,SmÄrdes MuiÅ¾a,Vecsmardes Pusmuizas Centrs,VecsmÄrdes PusmuiÅ¾as Centrs,Ğ¡Ğ¼Ğ°Ñ€Ğ´Ğµ",P,PPLA2,LV,Latvia,,29,0905182,,,734,,21,Europe/Riga,2021-08-16,Latvia,"56.9542, 23.33736"
455812,Saulkrasti,Saulkrasti,"Neibade,Neybade,Saulkrastai,Saulkraste,Saulkrasti,Saulkrasty,SaulkrastÄ“,sawlkrasty,shao er ke la si di,Ğ¡Ğ°ÑƒĞ»ĞºÑ€Ğ°ÑÑ‚Ğ¸,Ğ¡Ğ°ÑƒĞ»ĞºÑ€Ğ°ÑÑ‚Ñ‹,Ø³Ø§ÙˆÙ„ÙƒØ±Ø§Ø³ØªÙŠ,Ø³Ø§ÙˆÙ„Ú©Ø±Ø§Ø³ØªÛŒ,ç´¹çˆ¾å…‹æ‹‰æ–¯è’‚",P,PPLA,LV,Latvia,,C5,0801413,,,3184,,13,Europe/Riga,2016-12-02,Latvia,"57.26224, 24.41471"
456635,PÄ¼aviÅ†as,Plavinas,"Plavinas,Plavinyas,Pljavinjas,Plyavinas,Plyavinyas,PÄ¼aviÅ†as,ĞŸĞ»ÑĞ²Ğ¸Ğ½ÑÑ",P,PPLA2,LV,Latvia,,01,0321413,,,3848,,75,Europe/Riga,2021-08-16,Latvia,"56.6178, 25.72552"
457799,LubÄna,Lubana,"Lubahn,Lubana,LubÄna,Ğ›ÑƒĞ±Ğ°Ğ½Ğ°",P,PPL,LV,Latvia,,20,0701413,,,1918,,95,Europe/Riga,2021-11-10,Latvia,"56.90425, 26.71606"
864723,MÄrupe,Marupe,,P,PPLA,LV,Latvia,,95,0807600,,,0,,11,Europe/Riga,2016-12-02,Latvia,"56.90544, 24.05113"
456185,RiebiÅ†i,Riebini,"Riebini,RiebiÅ†i",P,PPLA2,LV,Latvia,,22,0766362,,,0,,139,Europe/Riga,2021-08-16,Latvia,"56.3428, 26.79995"
458623,KrÄslava,Kraslava,"Dynasaiforgardr,DynasaiforgarÃ°r,Kraaslava,Kraslau,Kraslava,Kraslaw,KrasÅ‚aw,Kreslau,Kreslavka,Kreslawka,Kruoslova,KrÄslava,karasalava,ke la si la wa,keulaseullaba,kraslafa,kraslawa,ĞšÑ€Ğ°ÑĞ»Ğ°Ğ²Ğ°,ÙƒØ±Ø§Ø³Ù„Ø§ÙØ§,Ú©Ø±Ø§Ø³Ù„Ø§ÙˆØ§,à¨•à¨°à¨¾à¨¸à¨²à¨¾à¨µà¨¾,å…‹æ‹‰æ–¯æ‹‰ç“¦,í¬ë¼ìŠ¬ë¼ë°”",P,PPLA,LV,Latvia,,14,0600201,,,11088,,114,Europe/Riga,2019-09-05,Latvia,"55.89514, 27.16799"
455718,Sigulda,Sigulda,"Segewold,Segolda,Sigulda,SÄ—golda,sigulda,suiguruda,sygwldh,xi gu er da,Ğ¡Ğ¸Ğ³ÑƒĞ»Ğ´Ğ°,Ğ¡Ñ–Ğ³ÑƒĞ»Ğ´Ğ°,×¡×™×’×•×œ×“×”,áƒ¡áƒ˜áƒ’áƒ£áƒšáƒ“áƒ,ã‚¹ã‚£ã‚°ãƒ«ãƒ€,éŒ«å¤çˆ¾é”,ì‹œêµ´ë‹¤",P,PPLA,LV,Latvia,,C7,0801615,,,10422,,100,Europe/Riga,2018-03-06,Latvia,"57.15375, 24.85953"
457533,Mazsalaca,Mazsalaca,"Mazsalaca,Mazsalace,Mazsalatsa,Mazsalatse,Salisburg",P,PPLA2,LV,Latvia,,31,0961011,,,2412,,58,Europe/Riga,2021-08-16,Latvia,"57.86329, 25.05475"
460885,Bolderaja,Bolderaja,"Bol'deraa,Bolderaa,Bolderaj,Bolderaja,BolderÄja,Ğ‘Ğ¾Ğ»Ğ´ĞµÑ€Ğ°Ğ¹,Ğ‘Ğ¾Ğ»Ğ´ĞµÑ€Ğ°Ñ,Ğ‘Ğ¾Ğ»ÑŒĞ´ĞµÑ€Ğ°Ğ°",P,PPLX,LV,Latvia,,25,0010000,,,14771,9.0,7,Europe/Riga,2016-12-02,Latvia,"57.03132, 24.05571"
461534,Alsunga,Alsunga,"Alshvanga,Alsung,Alsunga,Alsvanga,AlÅ¡vanga,ĞĞ»ÑÑƒĞ½Ğ³Ğ°",P,PPLA2,LV,Latvia,,15,0624200,,,940,,33,Europe/Riga,2021-08-16,Latvia,"56.98194, 21.55938"
461566,AknÄ«ste,Akniste,"Akniste,AknÄ«ste,ĞĞºĞ½Ğ¸ÑÑ‚Ğµ",P,PPLA2,LV,Latvia,,10,0560805,,,1314,,91,Europe/Riga,2021-08-16,Latvia,"56.16152, 25.74783"
454848,TÄ«reÄ¼i,Tireli,"Kalnciema Muiza,Kalnciema MuiÅ¾a,Kalnciems,Kalnciems Muiza,Kalnciems MuiÅ¾a,Kalntsiems,Kalntsiyems,Myza Kalntsiema,Tireli,TÄ«reÄ¼i",P,PPL,LV,Latvia,,12,0540286,,,2103,,4,Europe/Riga,2016-12-02,Latvia,"56.83991, 23.58902"
455786,Seda,Seda,"Salanietis,Salanyetys,Seda,Sedaskudra,SedaskÅ«dra,Tomeni,TomÄ“ni,Ğ¡ĞµĞ´Ğ°",P,PPL,LV,Latvia,,31,0941813,,,1098,,56,Europe/Riga,2021-11-09,Latvia,"57.65042, 25.75089"
456530,PreiÄ¼i,Preili,"Prehjli,Preila,Preili,Preiliai,PreilÄ,PreiÄ¼i,Prejli,Preli,Preyli,Prieli,bryly,peuleilli,pryly,pu lei li,ĞŸÑ€ĞµĞ¹Ğ»Ğ¸,ĞŸÑ€ĞµĞ¹Ğ»Ñ–,ĞŸÑ€ĞµÑ˜Ğ»Ğ¸,ĞŸÑ€ÑĞ¹Ğ»Ñ–,Ø¨Ø±ÙŠÙ„ÙŠ,Ù¾Ø±ÛŒÙ„ÛŒ,æ™®é›·åˆ©,í”„ë ˆì¼ë¦¬",P,PPLA,LV,Latvia,,22,0760201,,,8656,,127,Europe/Riga,2019-09-05,Latvia,"56.29444, 26.72459"
460019,Engure,Engure,"Anger,Engurciems,Engure",P,PPL,LV,Latvia,,29,,,,1600,,6,Europe/Riga,2010-12-04,Latvia,"57.16061, 23.22527"
460312,Dobele,Dobele,"Dobele,Doblen,Doubele,DoubelÄ—,Duobele,DuobelÄ—,dobelle,duo bei lai,dwbl,dwbl  ltwny,dwblh,Ğ”Ğ¾Ğ±ĞµĞ»Ğµ,×“×•×‘×œ×”,Ø¯ÙˆØ¨Ù„,Ø¯ÙˆØ¨Ù„ØŒ Ù„ØªÙˆÙ†ÛŒ,Ø¯ÙˆØ¨ÛŒÙ„Û’,å¤šè²èŠ,ë„ë²¨ë ˆ",P,PPLA,LV,Latvia,,08,0460201,,,11225,,37,Europe/Riga,2018-08-07,Latvia,"56.62372, 23.2751"
455890,Saldus,Saldus,"Frauenburg,Saldos,Saldus,sa er du si,saladusa,salduseu,saldws,Ğ¡Ğ°Ğ»Ğ´ÑƒÑ,Ø³Ø§Ù„Ø¯ÙˆØ³,à¨¸à¨¾à¨²à¨¦à©à¨¸,è–©çˆ¾æœæ–¯,ì‚´ë‘ìŠ¤",P,PPLA,LV,Latvia,,27,0840201,,,12224,,92,Europe/Riga,2016-12-02,Latvia,"56.66363, 22.48807"
456827,PÄvilosta,Pavilosta,"Akagals,Paulshafen,Pavilosta,Porvilostu,PÄvilosta,Ä€kagals",P,PPLA2,LV,Latvia,,DN,0641413,,,1171,,8,Europe/Riga,2021-08-16,Latvia,"56.88791, 21.18593"
459402,Jaunjelgava,Jaunjelgava,"Fridrikhshtadt,Friedrichstadt,Jaunelgava,Jaunjelgava,Yaun-Yelgava,Yaunelgava,jawnylghafa,xin ye er jia wa,yawnylgawa,yawnyylgawa,Ğ¤Ñ€Ğ¸Ğ´Ñ€Ğ¸Ñ…ÑˆÑ‚Ğ°Ğ´Ñ‚,Ğ¯ÑƒĞ½ĞµĞ»Ğ³Ğ°Ğ²Ğ°,Ğ¯ÑƒĞ½Ñ”Ğ»Ğ³Ğ°Ğ²Ğ°,Ğ¯ÑĞ½ĞµĞ»Ğ³Ğ°Ğ²Ğ°,Ø¬Ø§ÙˆÙ†ÙŠÙ„ØºØ§ÙØ§,ÛŒØ§ÙˆÙ†ÛŒØ¦Ù„Ú¯Ø§ÙˆØ§,ÛŒØ§ÙˆÙ†ÛŒÙ„Ú¯Ø§ÙˆØ§,æ–°è‘‰çˆ¾åŠ ç“¦",P,PPL,LV,Latvia,,01,0321007,,,1938,,44,Europe/Riga,2023-03-23,Latvia,"56.61319, 25.08316"
454216,ViesÄ«te,Viesite,"Eckengrafen,Vesite,Viesite,ViesÄ«te,Viyesite,Ğ’Ğ¸ĞµÑĞ¸Ñ‚Ğµ",P,PPLA2,LV,Latvia,,10,0561815,,,2162,,117,Europe/Riga,2021-08-16,Latvia,"56.34751, 25.55514"
454572,Valka,Valka,"Valga,Valk,Valka,Valkas,Walk,balka,falka,valaka,vuaruka,wa er ka,walka,Î’Î¬Î»ÎºÎ±,Ğ’Ğ°Ğ»ĞºĞ°,ÙØ§Ù„ÙƒØ§,ÙˆØ§Ù„Ú©Ø§,à¨µà¨¾à¨²à¨•à¨¾,ãƒ´ã‚¡ãƒ«ã‚«,ç“¦çˆ¾å¡,ë°œì¹´",P,PPLA,LV,Latvia,,30,0940201,,,6589,,53,Europe/Riga,2022-09-25,Latvia,"57.7752, 26.01013"
456050,Rucava,Rucava,"Paurupe,Rucava,Rucavas,Rutsava,Ruzau",P,PPLA2,LV,Latvia,,DN,0648584,,,547,,12,Europe/Riga,2021-08-16,Latvia,"56.16314, 21.16156"
457211,MÅ«rmuiÅ¾a,Murmuiza,"Murmuiza,MurmuiÅ¾a,Murmujzha,MÅ«rmuiÅ¾a,ĞœÑƒÑ€Ğ¼ÑƒĞ¹Ğ¶Ğ°",P,PPLA2,LV,Latvia,,31,0964762,,,0,,63,Europe/Riga,2021-08-16,Latvia,"57.47312, 25.49174"
458687,Koknese,Koknese,"Koaknese,Kokenhusen,Kokenhuza,Koknese,Kokneses Muiza,Kokneses MuiÅ¾a,Kukenojs,ĞšĞ¾ĞºĞ½ĞµÑĞµ,ĞšÑƒĞºĞµĞ½Ğ¾Ğ¹Ñ",P,PPL,LV,Latvia,,01,0326160,,,2906,,86,Europe/Riga,2021-11-09,Latvia,"56.65163, 25.43637"
459586,IlÅ«kste,Ilukste,"Aluksta,AlÅ«ksta,Ilukste,Ilukszta,IlÅ«kste,IÅ‚ukszta,aylwkst,yi lu ke si tai,ÄªlÅ«kstÄ—,Ğ†Ğ»ÑƒĞºÑÑ‚Ğµ,Ğ˜Ğ»ÑƒĞºÑÑ‚Ğµ,Ø¥ÙŠÙ„ÙˆÙƒØ³Øª,Ø§Ù„ÙˆÚ©Ø³ØªÛ’,Ø§ÛŒÙ„ÙˆÚ©Ø³Øª,ä¼Šç›§å…‹æ–¯æ³°",P,PPLA2,LV,Latvia,,AN,0440807,,,2898,,99,Europe/Riga,2021-08-16,Latvia,"55.97754, 26.29655"
459668,Gulbene,Gulbene,"Alt-Schwaneburg,Golbene,GolbÄ—nÄ—,Gulbehneh,Gulbene,GulbenÄ—,ghwlbyn,gu er bei nei,gulbene,gwlbn,Ğ“ÑƒĞ»Ğ±ĞµĞ½Ğµ,Ğ“ÑƒĞ»Ğ±ÑĞ½Ñ,ØºÙˆÙ„Ø¨ÙŠÙ†,Ú¯ÙˆÙ„Ø¨Ù†,Ú¯ÙˆÙ„Ø¨ÛŒÙ†Û’,áƒ’áƒ£áƒšáƒ‘áƒ”áƒœáƒ”,å¤çˆ¾è²å…§,êµ´ë² ë„¤",P,PPLA,LV,Latvia,,09,0500201,,,9355,,120,Europe/Riga,2019-09-05,Latvia,"57.17767, 26.75291"
460274,DreiliÅ†i,Dreilini,"Dreilini,DreiliÅ†i,Rump'i,Rumpa,Rumpji,Rumpmuiza,RumpmuiÅ¾a,Rumpmuyzha Myza,Rumpâ€™i",P,PPLX,LV,Latvia,,25,,,,7376,,8,Europe/Riga,2021-11-10,Latvia,"56.9438, 24.24253"
458972,KÄrsava,Karsava,"Karsava,Korsovka,Korsowka,KÄrsava,ĞšĞ°Ñ€ÑĞ°Ğ²Ğ°",P,PPLA2,LV,Latvia,,19,0681009,,,2645,,101,Europe/Riga,2021-08-16,Latvia,"56.78405, 27.68829"
459357,Jaunpils,Jaunpils,"Jaunpils,Jaunpils Muiza,Jaunpils MuiÅ¾a,Neuenburg,Yaunpils,Ğ¯ÑƒĞ½Ğ¿Ğ¸Ğ»Ñ",P,PPL,LV,Latvia,,29,0905756,,,1029,,68,Europe/Riga,2021-11-09,Latvia,"56.73137, 23.01247"
460001,Ä’rgÄ¼i,Ergli,"Ehrgli,Ergli,Ergli Bijusas Muizas Centrs,Erglu Muiza,Myza Ergli,Ä’rgÄ¼i,Ä’rgÄ¼i BijuÅ¡Äs MuiÅ¾as Centrs,Ä’rgÄ¼u MuiÅ¾a,Ğ­Ñ€Ğ³Ğ»Ğ¸",P,PPLA2,LV,Latvia,,20,0705554,,,2186,,171,Europe/Riga,2021-08-16,Latvia,"56.89752, 25.63668"
460786,BrocÄ“ni,Broceni,"Broceni,Brocenu Muiza,BrocÄ“ni,BrocÄ“nu MuiÅ¾a,Brotseny,Brotzen,Myza Brotseny",P,PPL,LV,Latvia,,27,0840625,,,2830,,114,Europe/Riga,2021-11-09,Latvia,"56.6789, 22.56945"
461528,AlÅ«ksne,Aluksne,"Alksne,Alouksne,Aluksne,Aluksneh,AlÅ«ksne,AlÅ«ksnÄ—,Marienburg,a lu ke si nei,allugseune,alukasana,aluksne,alwksnh,alwksny,Î†Î»Î¿Ï…ÎºÏƒÎ½Îµ,ĞĞ»ÑƒĞºÑĞ½Ğµ,ĞĞ»ÑƒĞºÑĞ½Ñ,××œ×•×§×¡× ×”,Ø¢Ù„ÙˆÙƒØ³Ù†ÙŠ,Ø¢Ù„ÙˆÚ©Ø³Ù†Ù‡,Ø¢Ù„ÙˆÚ©Ø³Ù†Û’,à¨…à¨²à©à¨•à¨¸à¨¨,áƒáƒšáƒ£áƒ¥áƒ¡áƒœáƒ”,é˜¿ç›§å…‹æ–¯å…§,ì•Œë£©ìŠ¤ë„¤",P,PPLA,LV,Latvia,,02,0360201,,,2264,,193,Europe/Riga,2020-06-10,Latvia,"57.42162, 27.04662"
456107,Roja,Roja,"Roja,Roya,Ğ Ğ¾Ñ",P,PPL,LV,Latvia,,28,0888301,,,1800,,13,Europe/Riga,2021-08-04,Latvia,"57.50146, 22.80881"
456685,PiÅ†Ä·i,Pinki,"Myza Pintu,Pin'ki,Pin'ti,Pinki,Pinâ€™ti,PiÅ†Ä·i,Saliena,Saliyena,ĞŸĞ¸Ğ½ÑŒĞºĞ¸",P,PPL,LV,Latvia,,95,0804948,,,3033,,6,Europe/Riga,2021-08-04,Latvia,"56.94189, 23.91365"
457065,Ogre,Ogre,"Ogre,Uogre,UogrÄ—,ĞĞ³Ñ€Ğµ",P,PPLA,LV,Latvia,,21,0740201,,,26760,,21,Europe/Riga,2016-12-02,Latvia,"56.8162, 24.61401"
457161,NaukÅ¡Ä“ni,Naukseni,"Myza Nauksheny,Naukseni,Nauksenu Muiza,Nauksheni,Nauksheny,NaukÅ¡Ä“ni,NaukÅ¡Ä“nu MuiÅ¾a,Nauskuela,NauskÃ¼la,ĞĞ°ÑƒĞºÑˆĞµĞ½Ğ¸",P,PPLA2,LV,Latvia,,31,0967372,,,0,,51,Europe/Riga,2021-08-16,Latvia,"57.88349, 25.45609"
457890,LimbaÅ¾i,Limbazi,"Lemsal,Lemzal,Limbaze,Limbazhi,Limbazi,Limbaziai,LimbaÅ¾i,LimbaÅ¾iai,LimbaÅ¾Ä“,limbaji,lin ba ri,lymbajy,lymbazhy,Ğ›Ğ¸Ğ¼Ğ±Ğ°Ğ¶Ğ¸,Ğ›Ñ–Ğ¼Ğ±Ğ°Ğ¶Ñ–,Ù„ÙŠÙ…Ø¨Ø§Ø¬ÙŠ,Ù„ÛŒÙ…Ø¨Ø§Ú˜ÛŒ,æ—å·´æ—¥,ë¦¼ë°”ì§€",P,PPLA,LV,Latvia,,18,0660201,,,8974,,78,Europe/Riga,2016-12-02,Latvia,"57.51287, 24.71941"
459419,Jaunciems,Jaunciems,"Jaunciems,Yauntsiyems,Ğ¯ÑƒĞ½Ñ†Ğ¸ĞµĞ¼Ñ",P,PPL,LV,Latvia,,25,0010000,,,2684,,4,Europe/Riga,2016-12-02,Latvia,"57.0391, 24.17413"
460570,CÄ“sis,Cesis,"Cesis,Cesys,Ciesis,CÄ“sis,CÄ—sys,Kies,KieÅ›,Tsesis,Venden,Wenden,cai xi si,chesiseu,chyss,ssys,tsueshisu,zsys,Ğ¦ĞµÑĞ¸Ñ,Ğ¦ĞµÑÑ–Ñ,×¦×¡×™×¡,Ø³Ø³ÙŠØ³,Ø³Ø³ÛŒØ³,Ú†ÛŒØ³Ø³,ãƒ„ã‚§ãƒ¼ã‚·ã‚¹,é‡‡è¥¿æ–¯,ì²´ì‹œìŠ¤",P,PPLA,LV,Latvia,,05,0420201,,,18198,,102,Europe/Riga,2016-12-02,Latvia,"57.31188, 25.27456"
461615,Aizkraukle,Aizkraukle,"Aizkraukle,Aizkraukles Muiza,Aizkraukles MuiÅ¾a,AizkrauklÄ—,Ajzkraukle,Ajzkraukleh,Ascheraden,Asscrade,Ayzkraukle,ai zi ke lao ke lei,aiseukeulaukeulle,ayzakrawkl,ayzkrawkl,ejakaraukala,ĞĞ¹Ğ·ĞºÑ€Ğ°ÑƒĞºĞ»Ğµ,ĞĞ¹Ğ·ĞºÑ€Ğ°ÑĞºĞ»Ñ,ĞÑ˜Ğ·ĞºÑ€Ğ°ÑƒĞºĞ»Ğµ,××™×™×–×§×¨××•×§×œ×”,Ø¢Ø¦Ø²Ú©Ø±Ø§ÙˆÚ©Ù„Û’,Ø¢ÙŠØ²Ø§ÙƒØ±Ø§ÙˆÙƒÙ„,Ø¢ÛŒØ²Ú©Ø±Ø§ÙˆÚ©Ù„,à¨à¨œà¨•à¨°à©Œà¨•à¨²,áƒáƒ˜áƒ–áƒ™áƒ áƒáƒ£áƒ™áƒšáƒ”,æ„›èŒ²å…‹å‹å…‹é›·,ì•„ì´ìŠ¤í¬ë¼ìš°í´ë ˆ",P,PPLA,LV,Latvia,,01,0320201,,,8840,,88,Europe/Riga,2021-08-03,Latvia,"56.60477, 25.25534"
454584,ValdemÄrpils,Valdemarpils,"Sassmacken,SaÃŸmacken",P,PPL,LV,Latvia,,28,0880217,,,1447,,56,Europe/Riga,2021-11-10,Latvia,"57.37068, 22.59188"
454602,VaiÅ†ode,Vainode,"Vain'ody,Vainode,Vainodes,Vainâ€™ody,VaiÅ†ode,VaiÅ†odes,Vaynede,VaynÃ«de",P,PPLA2,LV,Latvia,,DN,0649392,,,0,,149,Europe/Riga,2021-08-16,Latvia,"56.41848, 21.85405"
457388,MeÅ¾aparks,Mezaparks,"Kaiserwald,Mezaparks,Mezhapark,Mezhaparks,MeÅ¾aparks",P,PPLX,LV,Latvia,,25,0010000,,,4500,,11,Europe/Riga,2020-06-10,Latvia,"57.00008, 24.15997"
459283,JÄ“kabpils,Jekabpils,"Ekabpils,Jakobstadt,Jakubmists,Jekabpeles,Jekabpilis,Jekabpils,Jiekabpelis,JiekabpÄ—lis,JÄkubmÄ«sts,JÄ“kabpils,JÄ—kabpilis,JÄ—kabpÄ—lÄ—s,iekabupirusu,jikabapilasa,jykabbyls,ye ka bu pi er si,yekabpilseu,ykabpyls,yqbpyls,Ğ„ĞºĞ°Ğ±Ğ¿Ñ–Ğ»Ñ,ĞˆĞµĞºĞ°Ğ±Ğ¿Ğ¸Ğ»Ñ,Ğ•ĞºĞ°Ğ±Ğ¿Ğ¸Ğ»Ñ,Ğ•ĞºĞ°Ğ±Ğ¿Ñ–Ğ»Ñ,Ğ™ĞµĞºĞ°Ğ±Ğ¿Ğ¸Ğ»Ñ,×™×§×‘×¤×™×œ×¡,Ø¬ÙŠÙƒØ§Ø¨Ø¨ÙŠÙ„Ø³,ÛŒÚ©Ø§Ø¨Ù¾ÛŒÙ„Ø³,à¨œà©€à¨•à¨¾à¨¬à¨ªà¨¿à¨²à¨¸,áƒ˜áƒ”áƒ™áƒáƒ‘áƒáƒ˜áƒšáƒ¡áƒ˜,ã‚¤ã‚§ãƒ¼ã‚«ãƒ–ãƒ”ãƒ«ã‚¹,è‘‰å¡å¸ƒçš®çˆ¾æ–¯,ì˜ˆìº…í•„ìŠ¤",P,PPLA,LV,Latvia,,10,,,,27078,,83,Europe/Riga,2022-08-30,Latvia,"56.49903, 25.85735"
459598,IkÅ¡Ä·ile,Ikskile,"Ikshkile,Ikshtile,Ikskile,IkÅ¡kilÄ—,IkÅ¡Ä·ile,Ykskylae,YkskylÃ¤,Ğ˜ĞºÑˆĞºĞ¸Ğ»Ğµ",P,PPL,LV,Latvia,,21,0740605,,,7278,,33,Europe/Riga,2021-11-09,Latvia,"56.83399, 24.49679"
454273,Vecumnieki,Vecumnieki,"Vecmuiza,VecmuiÅ¾a,Vecumnieki,Vetsmuizha,Vetsumneki,Vetsumniyeki,Ğ’ĞµÑ†ÑƒĞ¼Ğ½Ğ¸ĞµĞºĞ¸",P,PPL,LV,Latvia,,04,0409594,,,2103,35.0,35,Europe/Riga,2021-11-09,Latvia,"56.60608, 24.52232"
456503,PriekuÄ¼i,Priekuli,"Myza Priekulu,Myza Priyekuli,Priekuli,Priekulu Muiza,PriekuÄ¼i,PriekuÄ¼u MuiÅ¾a,Priyekuli,ĞŸÑ€Ğ¸ĞµĞºÑƒĞ»Ğ¸",P,PPLA2,LV,Latvia,,05,0427372,,,2532,,116,Europe/Riga,2021-08-16,Latvia,"57.315, 25.36147"
457408,MÄ“rsrags,Mersrags,"Margraf,Markgrafen,Mererags,Mersrag,Mersragciems,Mersragiems,Mersrags,Mersya,MÄ“rsrags",P,PPLA2,LV,Latvia,,28,0887600,,,1860,,5,Europe/Riga,2021-08-16,Latvia,"57.33535, 23.12455"
457860,LÄ«vÄni,Livani,"Leivuons,Livane,Livani,Livany,Lyvanai,LÄ«vanÄ“,LÄ«vÄni,li wa ni,lyfany,lywany,Ğ›Ğ¸Ğ²Ğ°Ğ½Ğ¸,Ğ›Ğ¸Ğ²Ğ°Ğ½Ñ‹,Ğ›Ñ–Ğ²Ğ°Ğ½Ğ¸,Ù„ÙŠÙØ§Ù†ÙŠ,Ù„ÛŒÙˆØ§Ù†ÛŒ,åˆ©ç“¦å°¼",P,PPLA,LV,Latvia,,90,0761211,,,10073,,92,Europe/Riga,2016-12-02,Latvia,"56.35431, 26.17579"
458460,KuldÄ«ga,Kuldiga,"Goldingen,Kuldiga,Kuldigas,Kuldyga,KuldÄ«ga,KuldÄ«gas,ku er di jia,kuladiga,kuldiga,kurudiga,kwldyga,kwldygha,ĞšÑƒĞ»Ğ´Ğ¸Ğ³Ğ°,ĞšÑƒĞ»Ğ´Ñ‹Ğ³Ğ°,ĞšÑƒĞ»Ğ´Ñ–Ğ³Ğ°,ÙƒÙˆÙ„Ø¯ÙŠØºØ§,Ú©ÙˆÙ„Ø¯ÛŒÚ¯Ø§,à¨•à©à¨²à¨¡à¨¿à¨—à¨¾,áƒ™áƒ£áƒšáƒ“áƒ˜áƒ’áƒ,ã‚¯ãƒ«ãƒ‡ã‚£ãƒ¼ã‚¬,åº“å°”è¿ªåŠ ,ì¿¨ë””ê°€",P,PPLA,LV,Latvia,,15,0620201,,,13289,,28,Europe/Riga,2019-09-05,Latvia,"56.97399, 21.95721"
460433,DÄrzciems,Darzciems,"Darzciems,DÄrzciems",P,PPL,LV,Latvia,,02,,,,18956,,84,Europe/Riga,2021-11-10,Latvia,"57.48253, 26.44238"
454537,VangaÅ¾i,Vangazi,"Vangazhi,Vangazi,VangaÅ¾i,Ğ’Ğ°Ğ½Ğ³Ğ°Ğ¶Ğ¸",P,PPL,LV,Latvia,,C7,0801817,,,3235,,21,Europe/Riga,2021-11-09,Latvia,"57.09358, 24.54468"
453922,ZelmeÅ†i,Zelmeni,"Bites,Sovkhoz Brivays-Tsel'sh,Sovkhoz Brivays-Tselâ€™sh,Zelmeni,ZelmeÅ†i",P,PPLA2,LV,Latvia,,08,0468988,,,0,,51,Europe/Riga,2021-08-16,Latvia,"56.45167, 23.35194"
457142,NÄ«ca,Nica,"Nica,Nicas Muiza,Nitsa,NÄ«ca,NÄ«cas MuiÅ¾a",P,PPLA2,LV,Latvia,,DN,0647978,,,0,,6,Europe/Riga,2021-08-16,Latvia,"56.34601, 21.06401"
458892,Ä¶egums,Kegums,"Keggum,Keggums,Kegumas,Kegums,Kiegumos,kai gu mu si,kghwms,kgwms,Ä¶egums,ĞšĞµĞ³ÑƒĞ¼Ñ,ÙƒØºÙˆÙ…Ø³,Ú©Ú¯ÙˆÙ…Ø³,å‡±å¤å§†æ–¯",P,PPLA2,LV,Latvia,,21,0741009,,,2372,,41,Europe/Riga,2021-08-16,Latvia,"56.7451, 24.72439"
461539,Aloja,Aloja,"Aloja,Alojas Muiza,Alojas MuiÅ¾a,Aloya,Aluoja,Aluoje,AluojÄ—,Myza Aloya,a luo ya,aloia,alwya,alwya  ltwny,ĞĞ»Ğ¾Ñ,Ø¢Ù„ÙˆÙŠØ§,Ø¢Ù„ÙˆÛŒØ§ØŒ Ù„ØªÙˆÙ†ÛŒ,Ø¢Ù„ÙˆÛŒØ§ØŒ Ù„Ù¹ÙˆÛŒØ§,áƒáƒšáƒáƒ˜áƒ,é˜¿æ´›äº",P,PPL,LV,Latvia,,18,0661007,,,4520,,85,Europe/Riga,2022-07-31,Latvia,"57.76723, 24.87743"
461628,AinaÅ¾i,Ainazi,"Ainaze,Ainazi,Ainaziai,AinaÅ¾i,AinaÅ¾iai,AinaÅ¾Ä“,Ajnazhi,Ajnazhy,Amazi,Aynazhi,Gainash,Hainasch,Heinaste,ai na ri,ainaji,ainazhi,aynajy,aynazhy,ĞĞ¹Ğ½Ğ°Ğ¶Ğ¸,ĞĞ¹Ğ½Ğ°Ğ¶Ñ‹,ĞĞ¹Ğ½Ğ°Ğ¶Ñ–,Ø¢ÙŠÙ†Ø§Ø¬ÙŠ,Ø¢ÛŒÙ†Ø§Ú˜ÛŒ,áƒáƒ˜áƒœáƒáƒŸáƒ˜,ã‚¢ã‚¤ãƒŠã‚¸,è‰¾ç´æ—¥,ì•„ì´ë‚˜ì§€",P,PPL,LV,Latvia,,18,0661405,,,1278,,9,Europe/Riga,2021-08-04,Latvia,"57.86348, 24.35853"
456202,RÄ“zekne,Rezekne,"Rehzehkneh,Rezekne,RezeknÄ—,Rezhitsa,Rezne,Riezekne,RiezeknÄ—,Rositten,Ryezhitsa,Rzezyca,RzeÅ¼yca,RÄ“zekne,RÄ“zne,RÄ—zeknÄ—,lei ze ke nei,lejekeune,rezekune,ryzkny,rzqnh,Î¡Î­Î¶ÎµÎºÎ½Îµ,Ğ ĞµĞ·ĞµĞºĞ½Ğµ,Ğ ÑĞ·ÑĞºĞ½Ñ,ÕŒÕ¥Õ¦Õ¥Õ¯Õ¶Õ¥,×¨×–×§× ×”,Ø±ÙŠØ²ÙƒÙ†ÙŠ,áƒ áƒ”áƒ–áƒ”áƒ™áƒœáƒ”,ãƒ¬ãƒ¼ã‚¼ã‚¯ãƒ,é›·æ¾¤å…‹å…§,ë ˆì œí¬ë„¤",P,PPLA,LV,Latvia,,23,0210000,,,38340,,156,Europe/Riga,2023-07-23,Latvia,"56.51028, 27.34"
456506,Priekule,Priekule,"Preekuln,Prekule,Prekuln,Priekule,Priyekule,Priyekuli,ĞŸÑ€Ğ¸ĞµĞºÑƒĞ»Ğµ",P,PPLA2,LV,Latvia,,DN,0641615,,,2550,,59,Europe/Riga,2021-08-16,Latvia,"56.44679, 21.58968"
459563,InÄukalns,Incukalns,"Inchukaln,Inchukalns,Incukalns,InÄukalns,Ğ˜Ğ½Ñ‡ÑƒĞºĞ°Ğ»Ğ½Ñ",P,PPL,LV,Latvia,,C7,0801864,,,2028,,55,Europe/Riga,2021-08-04,Latvia,"57.09867, 24.6863"
454310,Ventspils,Ventspils,"VNT,Ventspilis,Ventspils,Vindau,Vindava,Wentspils,Windau,Ğ’ĞµĞ½Ñ‚ÑĞ¿Ğ¸Ğ»Ñ",P,PPLA,LV,Latvia,,32,0270000,,,42644,,9,Europe/Riga,2019-11-25,Latvia,"57.39485, 21.56121"
454768,Tukums,Tukums,"Tuckum,Tukkum,Tukum,Tukumas,Tukumes,Tukums,TukumÄ—s,toukumusu,tu ku mu si,tukumseu,twkwms,twkwmws,Ğ¢ÑƒĞºÑƒĞ¼Ñ,ØªÙˆÙƒÙˆÙ…ÙˆØ³,ØªÙˆÚ©ÙˆÙ…Ø³,ãƒˆã‚¥ã‚¯ãƒ ã‚¹,åœ–åº«å§†æ–¯,íˆ¬ì¿°ìŠ¤",P,PPLA,LV,Latvia,,29,0900201,,,18348,,62,Europe/Riga,2020-05-07,Latvia,"56.96764, 23.15554"
457915,LiezÄ“re,Liezere,"Liezere,Liezeres,Liezeres Muiza,Liezeres pagasts,LiezÄ“re,LiezÄ“res,LiezÄ“res MuiÅ¾a,LiezÄ“res pagasts,Liyezere,Myza Lyezere,Ğ›Ğ¸ĞµĞ·ĞµÑ€Ğµ",P,PPL,LV,Latvia,,20,0700268,,,1108,,191,Europe/Riga,2021-11-09,Latvia,"57.01823, 26.06395"
459448,Jaunaglona,Jaunaglona,"Jaunaglona,Ğ¯ÑƒĞ½Ğ°Ğ³Ğ»Ğ¾Ğ½Ğ°",P,PPL,LV,Latvia,,22,,,,1053,148.0,146,Europe/Riga,2013-08-07,Latvia,"56.16066, 27.00714"
455166,StrenÄi,Strenci,"Stackeln,Stakkeln,Strenchi,Strenci,Strencis,StrenÄi,Ğ¡Ñ‚Ñ€ĞµĞ½Ñ‡Ğ¸",P,PPLA2,LV,Latvia,,31,0941817,,,1593,,45,Europe/Riga,2021-08-16,Latvia,"57.62574, 25.68535"
455406,Smiltene,Smiltene,"Smilten,Smiltene",P,PPLA,LV,Latvia,,D1,0941615,,,6108,,98,Europe/Riga,2016-12-02,Latvia,"57.42444, 25.90164"
457148,Nereta,Nereta,"Myza Nereta,Nereta,Neretas,Nerft,ĞĞµÑ€ĞµÑ‚Ğ°",P,PPLA2,LV,Latvia,,01,0327170,,,1282,,80,Europe/Riga,2021-08-16,Latvia,"56.20279, 25.30752"
460474,Dagda,Dagda,"Dagda,Ğ”Ğ°Ğ³Ğ´Ğ°",P,PPLA2,LV,Latvia,,14,0601009,,,2740,,171,Europe/Riga,2021-08-16,Latvia,"56.09512, 27.53723"
461163,Balvi,Balvi,"Balvai,Balve,Balvi,Balvy,BalvÄ“,Bolowsk,Bolvi,ba er wei,balbi,balfy,balwy,balwy  ltwny,blby,ÎœÏ€Î¬Î»Î²Î¹,Ğ‘Ğ°Ğ»Ğ²Ğ¸,Ğ‘Ğ°Ğ»Ğ²Ñ–,×‘×œ×‘×™,Ø¨Ø§Ù„ÙÙŠ,Ø¨Ø§Ù„ÙˆÛŒ,Ø¨Ø§Ù„ÙˆÛŒØŒ Ù„ØªÙˆÙ†ÛŒ,å·´çˆ¾ç¶­,ë°œë¹„",P,PPLA,LV,Latvia,,03,0380201,,,8409,,117,Europe/Riga,2019-09-05,Latvia,"57.1313, 27.26583"
461224,Baldone,Baldone,"Baldohn,Baldone",P,PPL,LV,Latvia,,80,0800605,,,3664,,29,Europe/Riga,2021-11-09,Latvia,"56.74451, 24.40078"
453850,Zilupe,Zilupe,"Sinuoja,SÄ«nuoja,Zilope,ZilopÄ—,Zilupe,Zilupes,Ziluppe,ZilupÄ—,ji lu pei,zylwb,zylwp,Ğ—Ğ¸Ğ»ÑƒĞ¿Ğµ,Ğ—Ñ–Ğ»ÑƒĞ¿Ğµ,Ø²ÙŠÙ„ÙˆØ¨,Ø²ÛŒÙ„ÙˆÙ¾,æ¿Ÿç›§ä½©",P,PPLA2,LV,Latvia,,19,0681817,,,1897,,124,Europe/Riga,2021-08-16,Latvia,"56.38616, 28.12165"
455260,Stende,Stende,"Stende,Stendesciems,Ğ¡Ñ‚ĞµĞ½Ğ´Ğµ",P,PPL,LV,Latvia,,28,0880215,,,1559,,91,Europe/Riga,2021-11-10,Latvia,"57.14497, 22.53482"
455520,Skrunda,Skrunda,"Schrunden,Skrunda",P,PPL,LV,Latvia,,15,0621209,,,2659,,36,Europe/Riga,2021-11-10,Latvia,"56.67749, 22.01649"
455523,SkrÄ«veri,Skriveri,"Skriveri,SkrÄ«veri,Ğ¡ĞºÑ€Ğ¸Ğ²ĞµÑ€Ğ¸",P,PPLA2,LV,Latvia,,01,0328200,,,2879,,77,Europe/Riga,2021-08-16,Latvia,"56.645, 25.12058"
459201,JÅ«rmala,Jurmala,"Jurmala,JÅ«rmala,Riga Beach,Riga-Strand,Rigas Iurmala,Rigas Jormalas Pilseta,Rigas Jurmala,Rigas Yurmala,Rigastrand,Rizhskoye Vzmor'ye,RÄ«gas Jormalas PilsÄ“ta,RÄ«gas JÅ«rmala,Yuomala,Yurmala,Ğ®Ñ€Ğ¼Ğ°Ğ»Ğ°",P,PPLA,LV,Latvia,,13,0130000,,,54088,,6,Europe/Riga,2023-09-20,Latvia,"56.968, 23.77038"
